customer_id,zip_code,COUNT(sessions),COUNT(transactions),MEAN(transactions.amount),SUM(transactions.amount),MIN(transactions.amount),MAX(transactions.amount)
1,60091,8,126,71.63190476190475,9025.62,5.81,139.43
2,13244,7,93,77.42236559139785,7200.28,8.73,146.81
3,13244,6,93,67.06043010752687,6236.619999999999,5.89,149.15
4,60091,8,109,80.07045871559633,8727.68,5.73,149.95
5,60091,6,79,80.37544303797469,6349.660000000002,7.55,149.02
