customer_id,zip_code,COUNT(transactions),MEAN(transactions.amount)
1,60091,126,71.63190476190475
2,13244,93,77.42236559139785
3,13244,93,67.06043010752687
4,60091,109,80.07045871559633
5,60091,79,80.37544303797469
