customer_id,zip_code,COUNT(sessions),COUNT(transactions),MEAN(transactions.amount)
1,60091,8,126,71.63190476190475
2,13244,7,93,77.42236559139785
3,13244,6,93,67.06043010752687
4,60091,8,109,80.07045871559633
5,60091,6,79,80.37544303797469
