customer_id,zip_code,COUNT(transactions),MEAN(transactions.amount),SUM(transactions.amount),MIN(transactions.amount),MAX(transactions.amount),STD(transactions.amount),MEDIAN(transactions.amount)
1,60091,126,71.63190476190478,9025.620000000004,5.81,139.43,40.442058952813674,69.715
2,13244,93,77.42236559139785,7200.28,8.73,146.81,37.70517806666351,75.96
3,13244,93,67.06043010752686,6236.619999999997,5.89,149.15,43.68329625328344,58.93
4,60091,109,80.07045871559632,8727.679999999997,5.73,149.95,45.06876506014883,81.41
5,60091,79,80.37544303797469,6349.66,7.55,149.02,44.09563048291539,78.87
